<?xml version="1.0" encoding="UTF-8"?>
<project-private xmlns="http://www.netbeans.org/ns/project-private/1">
    <editor-bookmarks xmlns="http://www.netbeans.org/ns/editor-bookmarks/2" lastBookmarkId="0"/>
    <open-files xmlns="http://www.netbeans.org/ns/projectui-open-files/2">
        <group>
            <file>file:/C:/Users/Mohib/Downloads/Group28_coe528project/coe528Project/src/coe528/project/SilverCustomer.java</file>
            <file>file:/C:/Users/Mohib/Downloads/Group28_coe528project/coe528Project/src/coe528/project/CustomerStatus.java</file>
            <file>file:/C:/Users/Mohib/Downloads/Group28_coe528project/coe528Project/src/coe528/project/Owner.java</file>
            <file>file:/C:/Users/Mohib/Downloads/Group28_coe528project/coe528Project/src/coe528/project/COE528FX.java</file>
            <file>file:/C:/Users/Mohib/Downloads/Group28_coe528project/coe528Project/src/coe528/project/Books.java</file>
            <file>file:/C:/Users/Mohib/Downloads/Group28_coe528project/coe528Project/src/coe528/project/Customer.java</file>
            <file>file:/C:/Users/Mohib/Downloads/Group28_coe528project/coe528Project/src/coe528/project/GoldCustomer.java</file>
        </group>
    </open-files>
</project-private>
